{
  "top1_score": {
    "mean": 0.11708891393418852,
    "median": 0.09017110736969698,
    "std": 0.09352647186319643,
    "min": 0.0,
    "max": 0.6980094672297595,
    "q25": 0.05296179878529458,
    "q75": 0.15091286303707857
  },
  "gap_top1_top2": {
    "mean": 0.05159771871654375,
    "median": 0.02267107160904574,
    "std": 0.07490570090048326,
    "min": 0.0,
    "max": 0.6429753032146501
  },
  "pred_status": {
    "confident_count": 4227,
    "uncertain_count": 5267,
    "confident_pct": 44.522856540973244,
    "uncertain_pct": 55.477143459026756
  },
  "labels_per_company": {
    "mean": 1.129344849378555,
    "median": 1.0,
    "mode": 1,
    "distribution": {
      "1": 8483,
      "2": 794,
      "3": 217
    }
  }
}