{
  "top1_score": {
    "mean": 0.13792220590746251,
    "median": 0.10884733724091092,
    "std": 0.10763135896461988,
    "min": 0.0,
    "max": 0.8114841750830557,
    "q25": 0.06218232938887697,
    "q75": 0.1829778204429258
  },
  "gap_top1_top2": {
    "mean": 0.061425420355458275,
    "median": 0.027384696702015612,
    "std": 0.08622276065926031,
    "min": 0.0,
    "max": 0.7587009820654482
  },
  "pred_status": {
    "confident_count": 4274,
    "uncertain_count": 5220,
    "confident_pct": 45.017906045923745,
    "uncertain_pct": 54.982093954076255
  },
  "labels_per_company": {
    "mean": 1.103117758584369,
    "median": 1.0,
    "mode": 1,
    "distribution": {
      "1": 8681,
      "2": 647,
      "3": 166
    }
  }
}