{
  "top1_score": {
    "mean": 0.11571221477164145,
    "median": 0.08787639457419641,
    "std": 0.09442776988401952,
    "min": 0.0,
    "max": 0.7639298643471566,
    "q25": 0.05111762776266768,
    "q75": 0.1491480552030024
  },
  "gap_top1_top2": {
    "mean": 0.05039855854687053,
    "median": 0.02345145669030423,
    "std": 0.07228178665457108,
    "min": 0.0,
    "max": 0.6879098590477984
  },
  "pred_status": {
    "confident_count": 1391,
    "uncertain_count": 8103,
    "confident_pct": 14.651358752896567,
    "uncertain_pct": 85.34864124710343
  },
  "labels_per_company": {
    "mean": 1.0496102801769538,
    "median": 1.0,
    "mode": 1,
    "distribution": {
      "1": 9102,
      "2": 313,
      "3": 79
    }
  }
}